material,process,energy_use,water_use,waste,transport_km,emissions,end_of_life,impact_score
Steel,Extrusion,364.17277130888533,45.17525647933773,26.435007471674684,269.0886268985469,83.6142976000988,Incinerated,10.36785807342765
Plastic,Casting,291.2433648548542,112.96118000188805,24.479912003856818,254.50901108127982,77.63014049219818,Recycled,4.865766366171331
Aluminium,Casting,189.28742732884749,175.85970881651758,2.256461224515349,907.1920347158264,59.48525038827946,Recycled,58.10150933751095
Steel,Injection Molding,416.2077588681269,149.12272841781663,17.72114355368166,257.05073785101104,95.82447864313365,Incinerated,42.607097762609705
Steel,Extrusion,358.1290276492457,163.24661809367544,19.629585320506997,279.2302288673447,24.045078975198265,Landfill,54.80323566642401
Plastic,Casting,123.17762270520109,135.16883967503628,20.542316263948123,761.8042797937841,15.380099979414034,Incinerated,52.10731905083878
Aluminium,Injection Molding,459.9172330222291,141.53254725839196,29.428446092139282,455.2424440260346,86.12638686076511,Incinerated,35.02029910907303
Aluminium,Extrusion,420.14175931542604,171.34717379741068,27.146524789617043,778.9434513856294,46.71923258020609,Landfill,67.7473414823473
Steel,Injection Molding,477.4099609813658,57.43692168324533,30.787349546878787,74.7124959887414,85.46204114967074,Incinerated,75.85018809163907
Copper,Rolling,376.573778774762,102.9907430921967,38.47927981556428,492.69548173665044,89.84356949356442,Incinerated,1.4628258877675715
Steel,Casting,326.03683817110544,52.02979394572442,40.83630119708858,43.27746418144981,10.933471393811786,Incinerated,20.72422997688783
Steel,Rolling,238.2093663307785,197.65692151936292,36.18803073509822,72.02667142080098,88.92915248367576,Landfill,71.32358680833369
Steel,Extrusion,469.72781750930596,189.3712745404565,47.8206611017918,907.3730788109668,47.59031026009511,Recycled,38.66201726338342
Steel,Rolling,439.72875027518376,17.49109416001612,1.89339655114172,147.8529174064192,53.49108645540206,Recycled,66.24839469416082
Plastic,Rolling,70.34840154778523,144.0592827779808,10.59312129849376,537.0964754524649,64.52628855385498,Landfill,34.696265973455844
Aluminium,Extrusion,61.865138523763406,185.7971803089765,1.3705808739289638,416.98464657469947,93.00634763935824,Recycled,39.07551523296371
Plastic,Injection Molding,219.4085150951223,44.30931557419337,32.72626099357555,353.86989299625424,6.816028970827583,Incinerated,15.867887368968493
Plastic,Rolling,414.7489988518248,117.9095938049996,45.00349689854936,900.8350122303998,50.300129490192624,Recycled,25.823101966616
Plastic,Injection Molding,494.274258191725,183.94277654172794,12.930632532238665,31.605162807734605,70.33359403090327,Incinerated,60.541175750758725
Steel,Rolling,117.68760099658768,16.44973593130178,46.424692695019026,667.1517893138332,73.6571609813317,Recycled,43.31631113151664
Copper,Injection Molding,317.3588219084608,142.50985077689958,3.9531021241884816,963.760489871415,70.79058099602526,Landfill,77.43026829445951
Aluminium,Extrusion,221.40088548395968,66.49631140078465,46.787365313470204,564.5665016272235,17.771337293771577,Recycled,85.25849549383427
Copper,Rolling,486.46147901657145,185.63527712154078,18.229511674742085,937.4542374127609,33.44258089530972,Recycled,54.164641821675986
Plastic,Extrusion,428.9535154110689,194.50106658141988,5.96962059401161,61.73530049316353,39.07797491461628,Recycled,75.82672920560591
Plastic,Rolling,427.247917120012,189.41063293155244,24.807716200129956,424.6053858834198,81.42153472955297,Landfill,30.690451319457
Copper,Extrusion,260.91192190773666,100.10070116491812,13.582051818304889,267.5562130524306,31.482187879382536,Recycled,41.49712154000782
Copper,Extrusion,236.66877605194932,173.78810368796954,14.958772196134218,733.5127553309225,25.0169715673843,Landfill,71.2777676216831
Copper,Rolling,173.0331823688178,170.46438572166338,16.057208281388043,981.4841195922742,95.95756180861913,Incinerated,38.62119928170307
Plastic,Rolling,75.3689734929172,70.62908991621856,40.34826899380051,263.9647618198053,5.842012085779546,Recycled,58.85049351589888
Plastic,Rolling,439.12506931477395,167.4939400886287,27.41890255708747,657.6328554593338,99.79298128978793,Landfill,18.53727790825115
Aluminium,Casting,415.8054541085349,17.031450595943596,16.25407725864418,206.11665643214272,69.29802339145259,Landfill,59.9771314970498
Aluminium,Injection Molding,499.87295297875875,123.29127691159007,30.906355382235,569.6769520258938,83.70458344766612,Recycled,86.15137072268936
Plastic,Casting,498.4865766832574,53.70167908466358,36.091383036936485,469.2931618214528,32.98884265288835,Incinerated,86.86396398234257
Copper,Casting,299.9442675211824,32.90770829768297,14.358576035943155,972.2852763352217,6.359951378370698,Landfill,72.43444063295397
Copper,Extrusion,396.0443368312297,24.62110830954974,21.263905974742226,612.4419999695019,75.09760426334536,Recycled,74.5753379076126
Aluminium,Rolling,475.1445784470926,142.29486741684656,6.9724185735104305,356.0113083659506,84.2437367150642,Incinerated,55.79274451507007
Plastic,Injection Molding,432.34132580483515,74.57624311593257,9.876318127199335,122.95482703905404,75.34523253558432,Landfill,58.466809016582474
Aluminium,Extrusion,161.30664578443896,147.70568659046467,34.37477484428416,159.7343604475852,18.570777293579667,Landfill,13.3650581410518
Aluminium,Casting,252.74486088954208,22.41770475179905,9.89047903708572,233.06376065172273,76.57565261441206,Incinerated,44.38591884213011
Steel,Rolling,108.12173681817274,69.90516418781596,26.733005799685948,258.456994726895,78.04766430022589,Incinerated,45.077628388636384
Steel,Extrusion,479.32296226642507,112.50334555131407,35.7432668243992,852.1098972627265,67.56134898865521,Recycled,95.84978356677402
Steel,Rolling,322.778585502896,160.23740131940306,6.236969231642448,565.6105603996997,77.78101361558069,Recycled,43.108686262328945
Copper,Extrusion,152.88926247655823,70.56297555709328,28.798298761816273,528.1570022606228,85.36253676938455,Landfill,54.934264490275766
Plastic,Rolling,352.26530798263553,128.91936152303174,13.571576401366825,123.6211831505253,63.29239085255855,Incinerated,53.32513992791025
Plastic,Casting,328.15770820605314,178.33577216487555,48.18341688664141,861.5382964159406,13.41744782711951,Incinerated,63.67617170443272
Plastic,Injection Molding,211.17322311477824,127.01400575463786,24.69373668927631,725.5861601763988,51.32464191838503,Incinerated,74.82328313318959
Plastic,Casting,101.10091648983305,54.262300203190414,40.493634938982744,76.99167828100157,12.376686793802481,Landfill,22.50418761708721
Steel,Injection Molding,352.20793801675984,14.636148495742223,27.961100565656828,710.756746257471,43.71658794808093,Incinerated,52.87244190984357
Copper,Rolling,284.138465406707,175.31878604117668,3.127214109886139,548.1028351692196,43.675116466934625,Incinerated,82.59177073160305
Copper,Extrusion,397.5432762810377,14.041188061573557,32.0244174041071,90.90809228931047,11.27093519332295,Landfill,46.31147138375115
Steel,Casting,284.07357550039706,176.1933178099979,47.61876376812619,463.7176351133699,38.13795072710054,Recycled,27.845754637357302
Copper,Injection Molding,433.48167514334307,110.49805546517028,30.47897918717023,489.8493242587465,15.54481938517491,Recycled,65.4709075356299
Steel,Casting,298.3580774485185,188.42286271745027,41.14025411191272,174.116794761643,81.78234495087611,Landfill,82.3767395799123
Plastic,Injection Molding,302.42208719092383,161.76881479699642,44.326116704071985,946.2411655302795,95.03036246662472,Incinerated,6.314029292739132
Steel,Casting,444.49412119625526,199.60748100133412,12.175908825497691,851.4756177658553,11.870065149504168,Landfill,77.67904834072272
Plastic,Injection Molding,231.56728979557866,76.63524493582493,11.390197155503106,672.3321139558172,95.73594469271163,Recycled,82.16479329617712
Plastic,Injection Molding,110.30685280278833,155.7657748969141,30.938068453698595,467.6726053906011,54.64477693699079,Recycled,46.15229275886068
Aluminium,Rolling,62.95220434100254,86.36687358575601,21.14039502052853,417.64788616866343,33.45873940561802,Landfill,98.33056568184674
Steel,Injection Molding,389.81176505312857,101.17636785774268,42.153203840469295,654.4637324794446,12.301897151235533,Landfill,78.6708340707309
Aluminium,Rolling,329.1392981090591,129.22603801149032,45.10113304650255,549.9775507128364,52.55930546668969,Recycled,77.36625648956658
Steel,Injection Molding,366.83589564465063,175.99865169540436,18.317647585833186,71.65037482306676,80.47897672662113,Landfill,74.78385744120718
Steel,Extrusion,145.83387267900983,196.97585914786606,12.606657389749621,517.3776222826284,72.17321534033633,Recycled,15.0608103218274
Aluminium,Extrusion,111.3671640140464,155.97194863425847,39.24575024694923,808.3395810605111,9.771471089077508,Landfill,21.723088645301083
Aluminium,Extrusion,56.545099550546865,89.37568861179342,14.46549574185867,464.64747882098845,11.925674359950833,Landfill,46.3990131464425
Steel,Injection Molding,207.76440146296864,90.05783043264333,41.308101607170244,61.437011778725726,43.27296185010052,Landfill,26.400434995946586
Copper,Rolling,315.4629590845849,150.14063730188937,21.76317442878938,788.4154173901927,33.052596934554614,Recycled,41.52409723340404
Plastic,Rolling,226.50982029487955,55.36765769597744,33.70994506528205,209.35014431461465,27.076510690324543,Landfill,88.84641099229206
Aluminium,Injection Molding,246.86371491067808,30.990081494964986,5.681230377898741,266.0346265391584,31.69542739632779,Recycled,82.43268918792693
Plastic,Extrusion,456.8714125221868,77.37820995174754,31.569106909152076,173.05928989797295,81.33086061320404,Recycled,63.003987847998225
Copper,Extrusion,206.71496016048516,64.57540841427553,23.136616258124228,336.91291422278255,93.27666509502612,Landfill,85.81203942511036
Copper,Rolling,281.2952701219149,66.29854288663812,29.743814695598232,759.1839906317487,43.48475598011881,Landfill,78.37723890172492
Copper,Extrusion,402.6438557335144,54.38547269948289,9.232696179498308,524.192000908898,91.08054520258722,Recycled,42.89849318408905
Aluminium,Casting,228.44425204457158,17.99770603090876,37.10681350226493,212.83246140920542,35.54209161854878,Recycled,20.106515204994512
Copper,Rolling,329.93901510254307,13.396047599348623,43.2770567996182,879.0517773705204,50.2615137026602,Incinerated,51.42010400093392
Aluminium,Extrusion,438.06366893603536,197.667254049846,11.620250204448007,880.7860364020139,26.472754792519975,Recycled,73.622888252855
Copper,Rolling,477.28428064593896,91.27689540981385,5.690013220487924,871.8726407955469,65.84522400670518,Incinerated,43.641959872959305
Plastic,Casting,116.18306641806707,83.02206296033953,2.1582907162704834,246.40824926772387,98.00320594160685,Incinerated,66.67719097838972
Plastic,Rolling,466.96443132267245,139.13298371168327,32.456603521720034,456.7269507391782,62.33184412412097,Incinerated,9.432742629104363
Steel,Rolling,271.4523318857922,51.46823869436219,30.747607768350257,985.1397595794664,38.99233799078714,Landfill,74.80047363714034
Plastic,Rolling,166.20997473453127,190.49262495054282,27.788173222989432,774.2923515468905,66.5426573691002,Landfill,81.2713619893062
Steel,Rolling,256.6110903072176,159.4055527389549,12.365407709682795,36.89574701330422,16.67746445421182,Recycled,70.68378557805411
Plastic,Casting,491.0146588784647,26.98809043932931,20.15439379937022,74.55254534788713,89.42261262521286,Incinerated,96.72635875263656
Aluminium,Injection Molding,271.6781422967913,89.34034739913639,30.12934042412248,469.29206304420944,52.79297532408445,Landfill,82.66520574606405
Plastic,Rolling,197.9382246293787,177.0324784368113,25.341576084099298,910.1280038029446,47.688225493766,Landfill,90.30937278765383
Steel,Rolling,335.0303844425266,189.49908423536795,49.401490490529476,543.3147799731871,60.657154903084326,Landfill,93.3571083457648
Steel,Extrusion,158.0655284501869,98.80628713747525,7.685547875279923,502.83438295394734,64.35446696499324,Landfill,80.13479918738085
Copper,Rolling,84.13849764889876,126.54816395003446,35.06208314833209,114.41896295706428,11.818701591518739,Landfill,67.4258842006499
Aluminium,Extrusion,107.99587485979215,41.73644975749429,20.811619637110315,660.2123036770511,69.84863601622322,Incinerated,0.5718581360789288
Plastic,Injection Molding,107.6206275309976,198.32203896602553,21.981781131355124,823.8821289942232,27.98350962997531,Incinerated,46.58257532231247
Copper,Casting,118.35621208053246,54.017623262854244,36.16229051725063,386.6158074324867,72.82550008812603,Incinerated,57.1162298622361
Plastic,Casting,112.47222769223455,189.11903708567388,34.92937141489411,777.8557324160741,83.14080546649869,Incinerated,30.40302724479996
Plastic,Injection Molding,338.3936351614466,133.43286330855,49.57154369140723,964.8318873618035,81.37605821748943,Recycled,31.810444690347207
Copper,Casting,131.84603797961518,125.46999102698324,7.291320183252136,211.7287945364122,57.48759190374947,Incinerated,96.11594157101652
Copper,Injection Molding,205.55027749573844,107.41081709313663,6.10137281982415,528.0963348827938,54.41613976952136,Landfill,89.17108652027459
Copper,Injection Molding,453.5547844577053,53.82726422637415,36.492602039308316,294.26657850372976,18.57321632724411,Incinerated,84.91790055017042
Copper,Injection Molding,263.28273811829257,43.54032608104657,29.340958933314045,794.925874843501,78.65788428829788,Recycled,40.60118017061106
Copper,Casting,350.40098233446224,51.89237972333332,14.433872661430488,581.8174322223459,30.783891142437867,Landfill,1.3698550408914545
Plastic,Extrusion,127.54394204073343,45.42326980740836,4.891549080460344,638.2365933748007,52.186065167704925,Incinerated,8.022224645571407
Copper,Injection Molding,136.53005846390187,158.12104997768313,5.197254230225096,799.9350180197351,32.006038828114086,Incinerated,31.219636821760368
Aluminium,Rolling,68.39087731991549,76.52379924167872,44.81535285854179,402.01076793583036,17.713694484970848,Incinerated,1.5742912995676983
Steel,Casting,126.02077838247405,20.99010854704531,10.401498911218402,915.9391677229728,64.80798120471498,Landfill,1.7149781915198115
Copper,Injection Molding,175.36565256438138,194.12949972675415,16.845206543660517,537.6985785736786,10.161543308175863,Landfill,91.6603301642411
Copper,Injection Molding,129.65471792453607,177.91931814305087,12.106163709122413,166.37527460699454,76.121297241989,Recycled,70.61585021190541
Plastic,Rolling,89.91614019067502,186.27293380709045,18.39481898576493,698.9401269871145,35.170745549806085,Landfill,30.895599006815267
Copper,Extrusion,104.28614199527036,199.03248630282272,4.401768294558575,795.3287369338718,5.012795835426106,Landfill,13.264457760095317
Copper,Extrusion,257.3504456147266,43.040097351702585,26.433929754505247,323.5940602968514,53.55726822753683,Incinerated,51.163571789507714
Copper,Extrusion,142.85017328260665,85.28598359150516,4.3130156160185305,858.6074644287654,9.450931310122296,Landfill,0.5346160854364457
Plastic,Injection Molding,213.92143747163396,154.06531038377736,40.217468883295716,907.0818222181088,31.23610799298545,Incinerated,93.8413743858144
Copper,Injection Molding,276.5377718846856,142.24391743022053,12.451892013611218,284.13544250403083,72.16276630829303,Incinerated,41.48151193889472
Steel,Injection Molding,360.67767288321437,39.24022220457246,27.460583815621018,983.6862579880699,10.955514054077257,Landfill,40.233495523733275
Plastic,Casting,67.69046292849453,165.00829374821737,44.12387529051146,149.30441276827082,84.73715677382022,Recycled,39.059360758178215
Steel,Rolling,409.73467950906917,52.64370864896553,32.892991083312516,209.99551171846508,5.362892652565395,Recycled,6.932833038776476
Plastic,Injection Molding,332.5551752709085,52.52534681629839,27.11493154101543,192.38259084564586,28.448267574180715,Landfill,63.83222397918266
Copper,Rolling,86.79156437699235,112.02514034974858,16.892353902653404,895.0498129077918,75.38588533444678,Recycled,73.30036196283534
Steel,Rolling,443.1103808480498,122.6585876199236,17.3170937398517,657.7496268017122,35.045664224284145,Incinerated,67.61253975882903
Plastic,Extrusion,464.3925802393159,120.21637948918412,33.80486080471132,160.58324039005015,14.679776866271284,Incinerated,13.843549332939432
Aluminium,Casting,77.48508193468868,27.382499105573427,49.71282869983721,445.9201841846655,39.22222228604065,Landfill,57.884016803559255
Copper,Injection Molding,174.59494166624168,176.71756389977227,33.43012030261955,619.145044819104,30.687362206529926,Recycled,56.948448417225386
Plastic,Extrusion,412.7905759068776,60.464008091854154,28.33138745113122,92.62944413948946,85.05763070525272,Recycled,86.8410787941382
Aluminium,Extrusion,386.71686067264625,34.60783504373279,36.80187500172306,883.5922047232654,34.7680521705886,Incinerated,37.9127658375647
Plastic,Injection Molding,133.0344587103698,178.86213517510566,23.79507500190219,805.5675000871198,79.94858481872069,Landfill,37.148594365943424
Aluminium,Rolling,144.20719550151964,191.57378466365313,3.9469747874384753,510.1547058408718,89.7278537570198,Recycled,61.85270587181856
Copper,Extrusion,216.7124462561219,173.80424728043562,28.55254397801758,967.4553491065788,46.2126548597703,Landfill,63.3072653499513
Steel,Rolling,268.0353433359596,163.80805419772685,47.92363894076363,423.5833694823487,91.44459866616724,Recycled,46.92852273257904
Aluminium,Casting,328.2146471886332,134.49597632141413,9.589844175525322,984.2692158461329,40.84521512650332,Incinerated,44.30593623304211
Plastic,Rolling,216.01113780639758,114.66290041573647,34.81023965021262,671.2407988155908,96.58744956656028,Incinerated,49.41476706378827
Copper,Casting,258.14062225991654,26.527484383167927,10.845750744293767,638.3245605214021,13.482504829929429,Landfill,86.10452995033118
Aluminium,Rolling,386.36192216019043,87.60611048343276,27.255556539180983,174.29534634282714,70.26683031780806,Incinerated,46.116690125391
Plastic,Extrusion,66.50744130076906,80.81081823233966,5.737146032689261,883.1084807215975,51.91233384340823,Recycled,93.99317919698224
Plastic,Extrusion,163.59662495480933,59.353218914461976,23.068175876651072,433.214791041409,41.82663651828647,Incinerated,50.4003763596326
Plastic,Casting,371.0073136480486,147.44982160083114,38.05200311586706,170.61107172465455,65.10762848111709,Landfill,94.92006931808913
Aluminium,Injection Molding,452.8430769592397,104.21638966496646,18.031004687710123,22.48144477600145,71.86642370526147,Landfill,83.28319018690758
Aluminium,Casting,280.25484895204977,25.398781022453107,33.58067449987368,564.1581268019987,5.4145106167793635,Landfill,36.243132261582915
Aluminium,Casting,289.45106836939203,51.83480837046415,39.97704807869673,532.1256259014496,20.860543430983878,Recycled,86.3641421296616
Steel,Rolling,98.22740510289923,139.81916509532323,46.43171315449318,722.160086145467,72.73937481026027,Recycled,11.006328420111522
Aluminium,Rolling,251.3355650705546,24.464863303157035,12.497462010917223,891.3554724876241,68.30661428992961,Recycled,92.50471753430145
Aluminium,Casting,289.67776990476045,171.72931366926605,20.5664798746561,88.61251879659923,96.77451298722434,Recycled,63.164351508289165
Aluminium,Extrusion,159.11172663562834,104.07784013265513,8.468384653190455,734.1815254369587,77.29859007382439,Recycled,5.439074852231118
Steel,Rolling,171.15945392722142,101.31144969206312,49.63169160576039,195.5378246566064,95.32340723447712,Incinerated,64.42567236508116
Aluminium,Injection Molding,219.77787339708019,122.55747908530834,46.423047428290474,859.5952826255923,71.74134764580666,Recycled,97.42476541447562
Plastic,Rolling,59.03203899997686,166.68938352577834,27.45789938374742,820.8728787230395,33.3149598207471,Recycled,6.9800654614628925
Aluminium,Rolling,194.93562451243022,76.08374950141668,42.25963142444464,545.385817435689,15.009667613831365,Incinerated,55.46877097800863
Plastic,Injection Molding,145.15160314844508,138.82306898622207,26.526940886330067,713.1403706370784,79.27326701776889,Recycled,74.77943497593725
Plastic,Casting,197.3738084800616,117.4890731592003,31.555698712135225,321.2066120519109,66.19417604021201,Landfill,81.02585866995314
Plastic,Injection Molding,103.89295931866305,60.73537133219005,5.367097173684814,476.4562199434865,9.577671177363142,Recycled,41.38274653207959
Steel,Casting,450.7372763329527,176.93969740748003,38.00825060434359,823.420528733367,39.20479426059294,Recycled,20.4166559168243
Steel,Casting,317.1166040993219,161.51094410531633,7.257960698126507,464.67254520148174,95.89598247100719,Landfill,4.234227877238384
Steel,Casting,355.59604361502033,135.10584858510083,41.47731388237389,364.22028267218735,52.538108842469114,Landfill,57.972615709722476
Aluminium,Injection Molding,405.12705737330225,171.61052852790596,39.31937629584891,499.2703227777969,46.10926792187194,Landfill,45.29110702676108
Plastic,Casting,274.2989895180758,174.78589818236244,35.728490189405846,829.9667599128462,48.48146249013293,Landfill,94.8744395149711
Steel,Extrusion,89.11412963934066,144.5889655758566,2.7718586457133436,341.855966897164,24.843858780490553,Recycled,6.060490771490978
Steel,Injection Molding,291.6979438183465,169.0325323890977,15.853289441321103,182.02397720438637,40.02718123215554,Landfill,68.53953434460057
Aluminium,Extrusion,314.0785031093956,142.51957771716388,13.892515925631301,714.8938801274729,40.13225931878178,Landfill,2.496622212005717
Steel,Casting,385.4477633829485,139.22674663445707,18.646683966104437,827.718430581001,9.973726917809877,Incinerated,17.143417671054273
Aluminium,Rolling,244.24679580335572,127.53616186088502,5.294494591428089,109.631103738298,77.91892470920223,Landfill,45.357899992283414
Copper,Casting,107.4111362580037,153.01616151595184,46.91093332852208,247.4753716283853,44.567921030868504,Landfill,45.48724428028682
Steel,Extrusion,177.699157609426,40.134970005684,28.13630979490644,150.55226986338397,83.10708924756021,Incinerated,68.5700542933644
Copper,Extrusion,213.3870333793858,177.3654442477964,15.970691222243154,354.46199746634494,85.78306010639007,Incinerated,91.02130348677566
Aluminium,Injection Molding,340.6627585992205,175.65027027159408,20.452094336639888,455.8474691163585,25.139435196372517,Recycled,63.90321589149208
Plastic,Rolling,306.85023710101035,15.556983776566238,22.912924484736948,751.3380735936734,67.44858080616221,Incinerated,95.35350978515088
Steel,Injection Molding,210.2435266540308,166.9051826073049,30.429122334670247,654.6361090328573,49.86677139548326,Recycled,88.16156398779977
Aluminium,Extrusion,493.93186195684086,34.48527481995458,26.26829195712839,624.7192818036468,88.61489010254108,Incinerated,58.449979553079025
Plastic,Casting,322.5986687105992,73.67258230923696,46.05020668750645,358.85119714355784,25.49536452176314,Incinerated,83.37919509188274
Plastic,Rolling,156.7520562811975,151.26656869540548,25.351210662385682,843.0330775539123,69.39225402945421,Recycled,64.2577610323634
Copper,Casting,95.80211267918168,40.54438024917856,49.61574272634232,476.57429572418295,62.736451614008644,Incinerated,7.8557830923727145
Aluminium,Casting,118.78661263294941,165.41373458262183,42.71982292950969,979.313888635003,33.053640369324114,Recycled,74.05647232595099
Plastic,Rolling,160.68097777302864,168.10549381197097,11.217015203509455,637.8007169127794,17.9770858468614,Incinerated,9.490844126734622
Steel,Injection Molding,122.30661796680005,106.41886941455888,46.599165517551896,135.0020941488577,66.90577724534128,Landfill,59.40827805697124
Steel,Casting,133.9551608230876,11.21331562619838,6.701953496388328,679.4157864546796,75.16675852257141,Incinerated,70.26402058582289
Copper,Extrusion,178.2928259122312,64.53724530323342,41.05503571606839,331.852975277382,34.98459765751825,Recycled,6.652760821085524
Plastic,Casting,128.01811788263967,127.21611449139102,19.650541380352426,689.4639247192365,66.25909738211982,Incinerated,23.079465392653177
Aluminium,Rolling,453.5444410818913,196.42537382521047,44.020741701808404,78.94473668078169,42.53743622309281,Recycled,91.56722322616498
Steel,Rolling,86.10518554773898,130.04457013316699,43.534777815265066,183.1326228041998,72.75465391184868,Recycled,61.631449223289636
Plastic,Rolling,286.0301253066146,59.362680402190364,40.49034460576344,857.1798863167285,23.925451114935044,Landfill,24.628601881053157
Plastic,Injection Molding,234.6785721453477,130.46108358892616,39.71149137904601,234.90776145327973,89.57042525043657,Landfill,69.06797711480066
Copper,Casting,492.0703776088729,112.59722214601254,15.929277815804,838.6707139905106,32.30391166423007,Recycled,59.67764199616896
Steel,Injection Molding,100.41750597562356,158.17062507871728,4.965044869511357,286.48332756986633,39.93966883683453,Incinerated,50.15756999179484
Steel,Injection Molding,229.03501957058373,30.3263213771221,20.746028759492912,646.4530909581206,10.51873544763323,Recycled,97.61869749880837
Aluminium,Rolling,486.261694973916,154.59530147538533,9.502701234338925,697.2090677747327,15.593660170521257,Recycled,68.34537774075089
Steel,Rolling,439.47820665229114,112.84064994846095,35.05260335622062,517.5282056136024,54.00688075767117,Incinerated,37.544110966791266
Aluminium,Injection Molding,417.68243192717597,192.968480733209,17.95888660035149,312.257569929764,30.42130428915729,Incinerated,80.0073432076868
Steel,Casting,166.05627217022294,74.95571154735036,48.80489984213583,220.51793260738515,84.37062144550846,Incinerated,88.45832929211878
Copper,Extrusion,126.89941432552962,130.19815969545016,32.40763178992127,42.857461016801956,6.395871922220615,Incinerated,12.522055951683143
Steel,Injection Molding,350.88944896599395,187.08534004690333,41.30154761808369,310.90693722831656,41.01393462383394,Recycled,20.055297784526648
Aluminium,Casting,468.2191951074136,29.47684831822906,7.4937089643505725,656.6311626259702,37.047826943063804,Recycled,21.62270091277797
Aluminium,Rolling,300.5433018562684,188.07341257492573,43.2387096313585,938.9217702639978,6.836124937172098,Landfill,69.12118093865404
Copper,Rolling,307.22571026145494,140.69828723715455,46.215102335156324,872.4924374404216,16.81499790504847,Recycled,60.30395550532833
Steel,Casting,175.99059214712787,22.88904122998266,24.86603402212786,768.4041287699496,44.29605411727035,Incinerated,61.899156469858816
Steel,Extrusion,396.2718199363716,67.1830777198951,30.706393949797896,790.5628698207657,51.82213552250743,Landfill,94.0773299689501
Copper,Rolling,134.1696868508855,144.5526968426035,38.475680244246774,668.3350544412353,43.407525989212566,Incinerated,77.5911532807306
Steel,Rolling,195.65565638190967,22.796614279066624,9.567092735760214,267.683988990343,55.43907944914891,Recycled,12.793692451178318
Steel,Rolling,241.44639737738754,120.61238743349192,25.62573774670868,908.1230803987715,61.53750911603974,Landfill,34.7507082425181
Aluminium,Casting,278.4246704080048,75.71778082106178,20.53448836084334,674.0249887867757,5.942763007144385,Incinerated,43.53936461757356
Steel,Injection Molding,159.0843795867861,127.97394837582065,8.172325615950207,564.8362246706356,49.089040148082866,Landfill,39.59615887476049
Steel,Rolling,101.67657113264158,18.690986424377442,19.00918669228504,119.87957452134626,96.5324278843209,Landfill,66.93086091618792
Copper,Injection Molding,324.7790190987347,175.5919931689515,4.340443159889185,452.58498836836117,54.30806661230713,Recycled,89.18931032565625
Copper,Extrusion,179.8837489581151,194.9629041437054,2.2647834405248624,465.75468848990704,69.36651540860055,Incinerated,30.6051463522788
Plastic,Rolling,311.5571996401755,194.0867925042814,7.623148168586315,865.9179734274433,34.6270665021039,Landfill,55.18771364211857
Aluminium,Rolling,119.46322187339103,152.4338480311557,48.192640467869516,551.1817379859106,78.52918092451245,Landfill,78.94094219135856
Steel,Extrusion,266.5130458346679,34.71638562482008,27.926947258855833,386.5965434807056,78.42754077823093,Incinerated,41.621805884534936
Steel,Rolling,289.6652446482136,154.0700072265143,48.32528589650778,977.0323252255528,54.5231245271432,Landfill,16.811812839929587
Plastic,Injection Molding,73.3205915700921,14.671514127172287,22.19239603817647,119.61338739305252,97.7213132115253,Landfill,47.49509652637482
Steel,Casting,201.47192518726425,14.203474790509478,16.278990521177718,428.3229440288252,16.927270402452073,Landfill,5.5222520743028465
Aluminium,Injection Molding,110.48660462253841,71.48594163841284,25.80095127917196,51.60442841969124,6.610028164510195,Incinerated,94.23834540022769
Plastic,Casting,78.5187367127455,102.84220617688649,22.536072743012596,742.505079559261,78.16503011692411,Incinerated,7.482120519497304
Aluminium,Casting,495.4821045754754,156.3774093834807,6.177569528825452,918.8957866771591,81.67977604966384,Incinerated,43.84567152505782
Plastic,Injection Molding,195.05923023862533,139.826121555236,32.400489419820104,287.23695625498453,16.419686766454745,Incinerated,52.98812610885262
Plastic,Injection Molding,414.4435006345857,94.72151421158219,11.58587094297038,859.7582600311297,30.230369131067576,Recycled,98.53038322872855
Copper,Injection Molding,164.58829464369373,61.98906659351652,31.35980978999365,299.2960481572788,6.667474519829746,Landfill,16.60218236428608
Aluminium,Injection Molding,356.67622500076817,199.45365502996512,32.859853527509514,911.6624600274761,32.86431802415365,Incinerated,11.443151861235856
Steel,Extrusion,392.10253695035897,90.97444742483486,8.449217803303757,756.4222845608161,78.44847802227379,Landfill,0.8706147062543579
Steel,Rolling,318.0374332735299,95.76353462263835,4.00613172842274,806.8577090730242,54.206250132695,Landfill,15.55714368693023
Aluminium,Casting,262.20928484757127,41.08852602641714,39.25731771735355,27.826490044449955,38.06908135098737,Recycled,20.72729790676676
Steel,Injection Molding,235.32841136627084,161.0138142624866,23.53022076469669,963.1822535032857,40.315233016101374,Incinerated,63.05809415830923
Steel,Injection Molding,206.9907199443479,141.79962289848285,3.8500259797683136,729.40428214962,5.128594442969475,Incinerated,21.97067903914004
Aluminium,Injection Molding,468.28811491152163,51.946226429864474,49.74844954131859,311.703584432272,33.48105011869741,Landfill,2.052081472932521
Plastic,Extrusion,423.7787335044781,25.65239866701011,3.8312474888219654,831.1007182102585,66.4135804556034,Incinerated,82.66183455024887
Aluminium,Injection Molding,484.26210979993067,139.29486739419548,35.05672621406911,288.7059864307806,97.54847216255392,Landfill,36.55957010039668
Plastic,Injection Molding,105.93375056849513,134.3571307134157,49.20026733790726,874.0263011704667,85.47077856347045,Landfill,35.369668658073394
Steel,Injection Molding,378.8903638416399,61.91931012965977,12.719825106580355,121.45458650781764,7.241521641325267,Recycled,30.247902916792658
Steel,Rolling,472.253205569467,190.66407682757796,7.970219065672612,706.6491176861878,90.36325744410973,Recycled,97.53732771464209
Steel,Extrusion,131.55487977454706,38.70099943837104,6.947862031699016,545.2914918784612,79.40384926336947,Recycled,17.011541730928148
Copper,Injection Molding,79.92332031504986,92.14361219809436,15.860482230812181,105.56912549348641,79.13573173924314,Landfill,89.82380639532352
Plastic,Casting,383.5042921805266,189.28702483184378,5.951244739521687,249.47488997625058,48.50959710533929,Incinerated,77.68033321398879
Copper,Casting,308.51290093096037,89.74819021596323,34.915905743012466,22.279995914541644,42.81050283067777,Recycled,7.6479955499313075
Copper,Casting,428.82294954122244,131.31993005617625,4.052298108373072,474.08028580986075,33.7769942391533,Incinerated,98.67291015008487
Aluminium,Extrusion,112.89756948183027,85.54293561293092,25.961684279339696,308.2526081524004,11.241011600664748,Recycled,27.136596353901055
Copper,Extrusion,407.8702903369506,62.1008884462473,49.83814583879586,602.3739094547813,26.682359531901415,Recycled,9.858292702241233
Aluminium,Casting,140.73229402148502,196.95575311236738,40.88454320579492,304.265429631531,28.427345322912338,Landfill,82.93142341257594
Aluminium,Injection Molding,123.64517428956702,87.77346119985818,31.145752473319533,306.91992039191484,50.98732162246915,Recycled,70.66755336776998
Copper,Extrusion,123.91960906894683,179.87884869903553,16.00642741854397,745.7612667442874,76.00721862668593,Recycled,61.72188058779008
Plastic,Casting,416.558624104122,53.69137511930637,31.570895978290284,57.66140761856992,50.01193369780493,Landfill,15.598086369893316
Plastic,Casting,349.33874931329007,50.489893764765824,26.82503173167093,903.8660452400674,10.495222697480258,Incinerated,47.84961162559619
Plastic,Injection Molding,285.37944114610366,15.915475748057158,21.878085810628203,853.7412356472696,95.99003109387937,Recycled,78.05560268872138
Plastic,Rolling,211.47371785557613,133.81669682141816,7.404808460269774,671.1266363941425,94.55881031394067,Landfill,30.362393814384024
Plastic,Extrusion,444.7402433658987,80.02000530751462,44.44360654678287,597.2893544063105,79.5930065990988,Recycled,31.168982851504147
Copper,Injection Molding,226.60029834018593,174.22806746953103,23.039447792244804,893.3794731582557,99.17615064860095,Landfill,0.3140906048122116
Copper,Casting,417.4697477622097,99.90988227139586,10.536503079217487,193.4768777334273,56.72582161602498,Incinerated,17.424340164537956
Steel,Casting,247.61070885659828,193.95675130379712,19.02020819298719,88.17947056892032,96.46299327405458,Incinerated,87.54056251218343
Plastic,Injection Molding,219.62499324120841,45.24984798359302,21.292357873917425,247.11506821044273,12.182478858591324,Landfill,44.17464916377071
Copper,Extrusion,258.2059035513229,175.03840191156604,41.54935688277684,796.6324959131883,39.73967108483028,Landfill,98.4234499234434
Steel,Rolling,185.62004337386392,157.55340203043093,36.9471046475087,44.32356405921849,26.411220460642753,Landfill,39.57079635737926
Plastic,Rolling,386.424221079313,156.47515048236988,38.69593978842565,586.9787667326548,23.60414299275565,Incinerated,71.51864547802413
Aluminium,Casting,276.22417554161564,170.50881334220867,1.5405319570037135,995.4831410293968,18.376280144804227,Recycled,28.191904290472912
Steel,Extrusion,154.4957128160678,154.59455827916977,21.391545910808315,857.139132899164,64.12929594876968,Incinerated,36.38096411409335
Copper,Rolling,454.8085579735558,128.98186110996892,24.585863430130857,526.2312321531535,79.22557629599397,Landfill,19.072598759089466
Aluminium,Extrusion,222.75104961794514,34.93652675965364,1.9404215643297777,73.00450019377593,59.938347944934264,Landfill,34.7062368499395
Aluminium,Extrusion,294.59878750129485,16.179974103337862,13.730847228506677,833.0597792418528,18.96145741087992,Incinerated,54.72375204206431
Aluminium,Casting,457.91244993404615,184.9610910849805,38.254201332984614,602.9887230954384,82.05675814367973,Landfill,99.17728809792494
Steel,Rolling,330.90709816129646,127.16355975894022,7.718375580720954,123.78366708897117,65.4156971805542,Incinerated,66.42017130717856
Copper,Injection Molding,102.60411831876382,161.3420852854735,27.23019644117699,102.91871197512263,41.875742082064576,Landfill,19.924595440831403
Aluminium,Casting,472.92445562606383,101.48924678738452,11.544891728844638,910.5305512422265,69.04237807592598,Recycled,4.496144159155113
Plastic,Rolling,332.46862388213805,32.28855590285495,1.5939179575507705,672.5082603086977,29.69097302806912,Recycled,12.63564813145106
Aluminium,Rolling,200.70752659568876,33.78530051848458,12.818871422377532,830.993931323588,37.79325980695,Landfill,56.255520127304735
Aluminium,Rolling,112.67243269852426,140.25740457350457,48.81781399059263,880.1891112794447,92.16115509753907,Incinerated,76.51603288167664
Steel,Rolling,407.3113351716332,91.75812003089791,40.27531848226649,576.054628527839,32.597928038784936,Recycled,94.0419207300747
Steel,Rolling,329.0327401678311,48.099698073063976,48.01925557173064,522.2718882374909,49.64888547500398,Incinerated,1.5823171996820817
Copper,Extrusion,290.0574913893447,103.402963880873,24.90484815239176,436.1231362177803,89.56340805262138,Landfill,52.27601415618698
Plastic,Casting,452.2516623729309,22.19969804427548,6.377073735197672,323.7771219132081,72.23352827541511,Incinerated,47.086735622317676
Steel,Extrusion,404.86874505103884,120.57456636373577,27.850014959710954,440.2500012501246,10.909306485646761,Recycled,65.6055021975704
Aluminium,Injection Molding,118.25369587973803,61.10874684266856,23.264489393438083,776.1408591728548,18.993789206502182,Incinerated,55.95788544653419
Copper,Rolling,190.27493050799671,161.53622912106576,42.373497054241184,605.9041967049802,5.744951123332098,Incinerated,68.70391505824806
Aluminium,Casting,161.82011291650957,68.96877219547902,5.806046458427985,893.5980570552977,64.93757007177052,Landfill,65.80825847491903
Aluminium,Rolling,384.77583165770466,96.49182832554223,24.923815714067132,448.94621423539587,47.52897541398974,Landfill,11.70117248579462
Steel,Casting,65.08959563110072,12.20790258253912,8.352384570005228,611.0186829315664,17.756110835716175,Landfill,79.97179136187196
Copper,Extrusion,306.45035819209244,23.764908680966187,16.90912041761294,634.9944775610688,96.00374150039319,Recycled,12.323257571632485
Plastic,Casting,393.1064085833107,84.57377571727011,37.130496792002184,595.7801906832623,55.31767377483389,Recycled,69.85306252091371
Plastic,Injection Molding,444.5445365427872,101.18837859625347,24.32488833906956,705.6074353546612,27.979862940724473,Landfill,41.614536764060674
Steel,Injection Molding,203.93678692215835,124.00390414266771,19.418525972142696,245.0591336910582,52.557339259697216,Landfill,51.38507345765979
Steel,Casting,419.5657871024058,65.41588995476761,20.32933764993173,517.2401397703327,69.56393160983524,Recycled,90.32980143757105
Copper,Casting,99.78428162984325,142.04655836404308,23.512891651893344,113.1825547802642,12.242725707488624,Recycled,88.98837264734865
Plastic,Casting,430.9035312805332,173.42325546594887,39.46581064801579,390.6662143683644,31.096862429549738,Recycled,81.78563056550296
Plastic,Casting,107.36989804939208,158.17168788973646,44.71214975807148,492.7903979350518,81.6617216339794,Recycled,51.014838045632324
Plastic,Injection Molding,228.77928075216528,17.527576816187857,47.811399638692485,655.7020169500178,48.66816268825282,Landfill,73.62398101338331
Aluminium,Rolling,408.78291460079913,101.2963199789875,39.55826592650946,951.0257420603415,56.92482849306801,Recycled,51.289705551880935
Plastic,Casting,117.4628423069482,29.936733899453223,16.454937891652623,604.6445558828723,46.11752020989958,Landfill,86.96060824747775
Aluminium,Casting,153.16312785468867,55.98855301388022,34.71860059824056,746.1579770147941,9.170494551085486,Incinerated,40.27758332328999
Copper,Injection Molding,375.01365577687983,197.46589272075784,22.442553078714205,511.2033989002507,20.746229082914812,Incinerated,97.02353444148768
Aluminium,Injection Molding,374.01644144573345,37.07415315128752,13.478860480256508,637.762991062568,47.32645568047963,Recycled,93.23227582288776
Copper,Extrusion,338.5164347983838,104.78874915575766,42.202707391870206,80.2228939724357,24.872619213753143,Incinerated,74.16026194517855
Plastic,Casting,362.276800010195,127.44958952044263,2.882891099153925,261.8476650334285,9.748007722669481,Incinerated,27.9415884176072
Plastic,Extrusion,294.22599950641825,143.46834440337975,45.186337614635754,368.2345622730873,85.14671808492325,Incinerated,13.16535887932584
Copper,Injection Molding,163.30957650812874,116.33324986251368,23.612395766611975,477.76842145644844,98.213290270591,Recycled,85.47034500931974
Steel,Injection Molding,205.56319707676374,11.856461009644896,32.222872363605745,55.1922580473599,80.34857302969024,Recycled,16.530228613796126
Copper,Rolling,131.71897256064153,72.02764856635847,33.30834218808335,148.6238565777845,86.10956756194336,Incinerated,85.42607889973357
Steel,Casting,458.80275260013275,108.36521224309517,44.86076929462028,284.0461647133927,27.98782738011931,Landfill,49.07650067123605
Aluminium,Extrusion,312.5263076447542,26.694634837518336,32.19681442619316,971.8173639920401,96.25956267375398,Incinerated,40.65567838081042
Aluminium,Injection Molding,230.38313754363796,76.61911692974435,31.082745653243027,338.03353703202026,23.707941923075698,Recycled,90.31907788344292
Aluminium,Injection Molding,257.90261163985974,16.30859067035965,4.2659499874738085,487.2206475309617,95.38583198437406,Recycled,60.38509825402779
Plastic,Extrusion,476.2775028253169,24.92991445945394,26.401993075315,204.13673561100902,99.50783292676535,Recycled,57.661400712971776
Aluminium,Rolling,119.00813140223609,85.41542247830326,8.358281040035042,614.6722703650106,72.61366654587464,Incinerated,55.87659446243977
Steel,Injection Molding,313.80342440755874,35.215993268181464,37.13425466735279,287.87638336081454,98.20865452022308,Landfill,37.11695160195314
Aluminium,Casting,277.64990549800973,117.83276116969604,26.09887411982105,214.9226526540425,59.10627905887485,Recycled,78.56431035291273
Copper,Injection Molding,325.1544059455915,140.99834413608048,34.33116118120931,521.4069021615193,29.656469401728582,Recycled,25.2798444015773
Copper,Casting,58.14958271937823,162.11147283072575,3.041972129516829,15.450741168816613,46.51460913823398,Incinerated,93.88949600412751
Plastic,Extrusion,442.45575902486814,48.02854640651392,5.154808786244358,17.587392322733074,61.388288860984666,Landfill,89.39852050469608
Copper,Casting,469.4532271176256,41.821690629223255,36.09984601507143,226.8781210108392,11.942748392566424,Incinerated,33.748032567489815
Steel,Extrusion,304.309932615144,29.867889663536047,4.532132463934995,46.35414887581293,64.12261013863838,Recycled,72.94637698316637
Aluminium,Casting,363.49287074460153,130.92174741329097,4.491579660497671,116.94549658938446,98.21189449241798,Landfill,57.32231944495915
Plastic,Extrusion,465.1247215297831,144.23038803251123,1.593315286509485,345.47204284536406,23.060226729454126,Landfill,33.76493019992346
Aluminium,Casting,368.2573854410294,16.001367516871987,47.86856851667453,804.5598227840147,80.29653604739642,Recycled,98.85216479954467
Aluminium,Rolling,118.6425693114176,187.88032678630105,37.13790961349134,576.3281569356078,91.25038540906384,Landfill,2.5237345848264203
Steel,Casting,309.3297620750659,19.87454389377976,18.309319016601144,517.5410486968523,94.65165131792098,Landfill,25.264603062128664
Copper,Casting,323.0217708722852,112.84630370720339,15.530243483095106,300.5539349760404,96.21288241851748,Incinerated,52.00740611111504
Copper,Rolling,240.8588020860737,144.72149869567411,18.135458257546627,932.4361822384882,54.538665678539836,Recycled,52.19530034785639
Aluminium,Injection Molding,381.3999060311253,175.48413351175626,38.958023027877914,403.04489082481973,97.84425125919284,Recycled,58.89330749455641
Plastic,Injection Molding,470.4651566460567,145.67651710516128,33.407159942450306,96.22183912781378,76.94446967777169,Recycled,75.16761720229192
Copper,Casting,466.5058308080493,162.32833578326046,10.074582825505928,620.8958509566232,20.35878644251138,Recycled,62.34778305192964
Plastic,Rolling,252.87771713185944,74.49553658313314,9.531357431370132,122.7000095418354,50.30551011445715,Recycled,60.0281460528037
Copper,Casting,100.95712062833987,164.8167716118373,5.821386835956469,351.7709113736752,73.24146166034038,Landfill,5.351446291304329
Plastic,Extrusion,493.1785395330506,25.22182081308828,33.35483326536557,512.3378193306307,28.497330002812916,Incinerated,37.65302877892983
Steel,Extrusion,427.50413890067034,180.01516465150024,38.454260448865064,875.4802994383241,65.8584424371443,Recycled,23.2055739701156
Plastic,Casting,106.09820654147008,114.04255146920988,13.987274987925197,498.6111145367175,68.32704550942883,Incinerated,26.537011160197544
Steel,Injection Molding,464.37884717781753,165.2865762928738,2.0263030905147277,705.2361783713476,20.45647566181376,Incinerated,55.43374743403449
Steel,Injection Molding,441.4533629279577,95.94047405847702,5.02641170634494,992.8886706090797,58.68310468301185,Landfill,19.95053149296084
Plastic,Casting,283.47712570673247,132.27976208733975,48.425141707406496,140.17422869900182,78.30455654296773,Recycled,29.394910101689753
Steel,Casting,316.07394608521815,110.01650557786151,15.476794096393593,281.9842102643243,52.39508813091448,Landfill,23.70847085173401
Aluminium,Extrusion,229.55121674155862,149.00200913351307,38.69193424406855,400.63031484166993,6.149796093730205,Recycled,94.85029432181948
Steel,Injection Molding,74.6427374699141,25.50969658581202,31.608514873858926,427.6098967534431,5.858654562532757,Landfill,94.46657321710951
Copper,Casting,200.8387587406554,21.46689595820712,19.7150423429919,416.9108645128903,38.91778767715116,Incinerated,60.99415585960517
Plastic,Extrusion,411.28405186910516,56.94961446192782,11.0786758475822,908.5348925309894,92.9884365010193,Recycled,92.45224687318999
Aluminium,Injection Molding,52.08441035207129,40.31348922150578,6.947934489810915,716.8923180221879,26.724294062342832,Incinerated,78.58126454683732
Plastic,Rolling,200.07462726101488,175.63887765251832,31.135635433904465,611.8261619497968,65.26455044281028,Incinerated,58.99478828018088
Copper,Extrusion,229.1759121159245,51.65065759802842,38.95705525125161,316.2789906841543,26.097207715865455,Landfill,0.6435211496795712
Copper,Injection Molding,291.8280213220653,195.41439860563494,32.55130842351541,825.5524803790818,35.55864901765712,Recycled,77.2516286079404
Copper,Injection Molding,463.9350273857422,74.0102004365103,26.98480452920876,955.5099063701391,85.56399851214098,Incinerated,70.24883415884689
Steel,Extrusion,205.85569746468255,44.60240398085286,3.055609948150177,822.9862997247243,74.24183701564495,Landfill,61.5253653282414
Steel,Rolling,206.12894085330245,160.04271635707104,48.4559501021248,11.549454139558176,14.06293134475501,Recycled,76.04243116824718
Plastic,Extrusion,381.8755616493868,135.15447734516647,40.13699539107415,640.0373564815729,45.72669199371119,Recycled,51.29221647747657
Plastic,Injection Molding,253.49807340041323,104.6571861260964,15.348279798347273,60.624027627679716,7.771127546300125,Incinerated,70.4083271321339
Aluminium,Casting,151.0721703229919,115.51907467814993,49.01854613858368,265.0311481303846,50.68456392728586,Recycled,93.51720867264933
Aluminium,Casting,253.59778225971203,146.64833787173012,30.49219789217978,68.92945334429396,67.93123111160148,Incinerated,37.580501584608626
Plastic,Extrusion,113.38565917090995,53.40640085294676,29.538710252155077,607.7574984198939,16.2577492418244,Recycled,70.81218349006254
Steel,Injection Molding,129.3741439278005,199.30344405078097,37.65558579204707,689.7240143576807,32.444069196370734,Landfill,47.568781801095874
Copper,Casting,274.2654977327659,195.2107008078888,40.77671961641674,123.34276168524606,42.79447942270491,Incinerated,67.43996518139815
Plastic,Injection Molding,238.51645227704657,133.561880405918,33.16745175924363,390.0004942145297,92.35544734232472,Incinerated,76.28933355543641
Aluminium,Extrusion,461.68065548064504,47.91306567653758,7.276691571943801,461.6741438659866,99.35922646518158,Recycled,4.545250043579596
Steel,Casting,213.0772546024849,139.24336606194535,17.57510779373042,375.36249154330744,9.266573404583507,Recycled,64.66004439486619
Plastic,Injection Molding,311.26475762511956,23.71769770604341,46.476098375976434,129.8147504803411,77.29575273206224,Incinerated,22.674118440694457
Plastic,Casting,334.5189295637887,15.823975419103153,12.006164980348744,424.75831228560065,40.31378630822261,Recycled,67.00325378075668
Steel,Extrusion,55.89250546475014,58.9597488171306,19.236184168038154,753.666267330334,42.2835276918006,Landfill,46.83301859338135
Plastic,Injection Molding,348.5918174075198,97.8983617804701,22.171767264265604,80.29758788792292,76.65517246796716,Recycled,77.35527418648871
Steel,Casting,130.11618509138816,174.9717760275923,22.530844495028155,89.37821394108441,92.25051105381382,Landfill,12.340081520559643
Copper,Extrusion,482.48164286125484,148.16212325559852,31.03403954223175,361.22357891762437,95.3382164777421,Landfill,62.63223516561951
Steel,Casting,116.89822748890083,151.1142390279964,47.21071604949067,942.3084545027358,59.82664567364048,Landfill,27.847072892755232
Steel,Casting,236.58085567716068,90.84373354513431,12.793942879792743,671.8869202556849,38.926510133547765,Landfill,85.29819953305915
Steel,Rolling,88.40735063538973,75.72764858392296,6.953567438744985,681.8832571058391,79.81716315658403,Landfill,92.83835056363074
Plastic,Rolling,498.5934133306763,80.49736496707452,10.676054003136928,368.3007909294863,28.845131409918526,Recycled,99.63982936790555
Plastic,Extrusion,275.9877546490592,197.65341710985098,44.459320110254204,597.724183296453,58.58703273918419,Landfill,79.60074024272834
Steel,Rolling,317.9232577940197,17.62074636837167,32.6447298201051,20.029872187465944,39.06495384486295,Recycled,75.37340704280045
Plastic,Extrusion,80.18441482479237,174.73598426326524,15.009432672718846,639.7350859454468,67.37995200224823,Landfill,21.550075886755103
Aluminium,Rolling,387.48221167963,119.94832762875475,40.98140000946225,914.1540781004744,27.837896724883155,Incinerated,33.600705899010876
Aluminium,Casting,144.45751689301358,93.33692964602218,43.207129821808365,616.447733661371,23.20132984480845,Landfill,46.56825417622795
Plastic,Extrusion,454.1244302483212,147.79895547887594,42.47920259582362,874.9616075316816,92.23271323416652,Incinerated,77.33810477822497
Plastic,Extrusion,142.31283821690323,102.46709887069355,46.02740014833817,726.7333249114329,14.671349880206005,Landfill,91.49658650779686
Steel,Casting,135.80947429864995,175.9504152355155,13.359809988494717,129.35283223965337,53.06600123481851,Landfill,18.91391000229846
Copper,Extrusion,66.4473505316427,181.1333541621391,37.997054508567636,903.4287742129833,25.98101438148585,Landfill,92.23674846701029
Plastic,Extrusion,262.43012529949965,90.12697610595653,23.56643536643286,75.77940591221713,8.698346515938407,Incinerated,69.5624652354058
Aluminium,Rolling,304.1785099681774,62.5972814746598,42.257929091613015,538.6277978222861,8.421787737685507,Incinerated,61.077073068503864
Steel,Extrusion,79.56888774275856,122.54656243273882,36.69604318091905,150.7157525555231,21.646068350053596,Landfill,19.98412712819395
Plastic,Injection Molding,398.9874275127548,183.34903566717128,39.04592487848651,21.589544623595025,87.34318367807002,Recycled,5.552503280915055
Aluminium,Casting,253.97997563661244,50.02581591107665,33.151930046372506,427.8139175263626,31.835480677817532,Landfill,56.84648985079399
Aluminium,Rolling,285.975621197411,128.36365087706173,9.694009704015636,302.0903005776147,95.29362120465309,Incinerated,65.15156833288924
Copper,Rolling,248.34323612220265,129.9964418175789,27.706319025949977,491.140488859627,60.25411783397339,Landfill,21.078144935468824
Steel,Injection Molding,230.3433773938967,149.29147425890338,49.2488172367009,581.4278878672053,46.47834802803278,Incinerated,55.64562058254564
Steel,Casting,301.83814908869806,34.997860174179365,46.932015258358824,53.301681585857885,60.10843929359819,Incinerated,85.64934027625736
Copper,Casting,119.85811066882063,146.0067432895968,3.115513054053572,131.77326217250817,54.08634659649544,Incinerated,83.506594545502
Copper,Rolling,131.86765872287202,182.7161789264718,9.07592597074242,563.0559724859211,77.08374410694589,Landfill,92.73551805862972
Steel,Extrusion,437.8035294560828,44.13979068534597,7.454709899273533,349.73567964093166,31.837126267420963,Incinerated,36.588580955688045
Steel,Rolling,475.75195796013475,55.133231735536754,36.57301558927948,731.8817526739535,38.53978720202873,Incinerated,31.80495725509187
Plastic,Casting,217.98919232588884,194.56506786791152,41.07148116299031,655.7687321060203,89.93895874065882,Landfill,74.94260059808087
Plastic,Injection Molding,171.8351029145992,44.38562101480306,11.462056949222923,847.1483193600078,94.91336874928852,Incinerated,43.1112405097005
Copper,Rolling,339.7997944575571,172.33316774022003,25.786781954639622,695.567898402533,89.79303161121508,Landfill,8.754866402778061
Plastic,Casting,233.9303769941434,103.53279272512661,42.1944483725488,435.63176661624664,44.84755942594479,Incinerated,28.28011306704997
Aluminium,Rolling,61.42386004715519,56.973904136603636,36.90727569354628,676.236956170488,79.13472278565376,Recycled,41.85822855314891
Plastic,Extrusion,120.26866881478566,175.44248124177716,27.569623069100565,282.62736251286435,50.25189466360438,Recycled,29.251642547625202
Plastic,Rolling,372.18750298132886,94.60799845050644,29.92703683247987,313.2503637904305,52.26628595387971,Incinerated,33.220557094732165
Aluminium,Rolling,346.5157738595681,107.81529724664114,25.909666798897717,791.0953083215854,24.444610360441974,Recycled,29.377590617439076
Copper,Casting,62.19319662656757,78.25434018595548,15.579874114622209,451.95532123756635,61.15737880955906,Landfill,4.149916718307944
Aluminium,Casting,149.88747286982726,122.66066177263622,28.68607765009179,800.396537113169,22.682910286568053,Recycled,63.709470082444255
Plastic,Casting,153.98365846463213,41.06953579115432,34.75537980045444,824.1981499315956,36.498646411383405,Incinerated,59.72924203534693
Copper,Rolling,352.35173461942776,84.30549196383454,43.792822877179574,858.9867142846709,86.22786915389383,Incinerated,65.33834984786806
Plastic,Extrusion,58.86974198946387,194.18834124370463,32.17827634498316,917.4688834827953,24.672201875031245,Landfill,19.230989603362747
Aluminium,Injection Molding,96.84886189305823,59.04535221321423,38.29495531511474,436.6753683081633,11.760037091476118,Incinerated,29.565454161248528
Aluminium,Injection Molding,409.9622384179352,134.7799662628455,8.843510112774077,325.67815013792745,11.555721298217549,Landfill,61.96159269449223
Plastic,Casting,130.34509792445013,71.78611220269202,23.616316246569706,586.3767591281727,94.37452944779525,Recycled,59.96275684599214
Steel,Casting,343.7357485333436,156.95989388045413,1.4572493715275714,377.4606992032513,53.15744160637429,Recycled,50.63303093542678
Steel,Rolling,157.18225147102692,34.865995536486466,13.087264361559528,605.0634251322306,43.89414682261674,Landfill,35.04132500101974
Aluminium,Injection Molding,94.74862674170532,194.2659985649235,36.596624040537236,708.5300040173863,82.03346519575226,Landfill,91.293100477469
Aluminium,Casting,159.42748594975433,96.22001286289145,49.59868761611881,691.5209683072155,84.40346315149903,Incinerated,33.97702422988438
Steel,Extrusion,375.0201193350466,54.84958803582815,5.8597268797735795,380.80735814992016,36.558148145982436,Recycled,45.56191564372516
Steel,Extrusion,435.06341064782856,23.964381992702407,20.673221477203125,175.1915996817653,70.89371546001055,Landfill,67.81138309542088
Plastic,Casting,423.5989390551462,42.25400196663274,40.20347746625882,436.22404507758546,78.25666750592923,Recycled,54.302143086676416
Plastic,Casting,228.73258832830467,108.75705022564335,10.997746096816043,151.16820264108964,67.19181525226568,Landfill,34.68859763643856
Steel,Injection Molding,350.6383114567908,74.0306035219444,28.199162515812027,891.1960648319703,19.40153210600944,Recycled,43.564479045650984
Plastic,Injection Molding,142.24293293711943,167.4878395176958,36.92049350545407,352.4186861304788,88.20889293412041,Incinerated,79.44808178535061
Plastic,Rolling,181.91647861745597,91.86862949574312,31.18328706274877,162.91514975109055,56.213982509920825,Recycled,27.812915548661245
Copper,Injection Molding,453.3511183345039,57.25571179164968,10.21321199615539,35.19328230669337,31.834880505150352,Recycled,14.225523977681542
Plastic,Extrusion,55.850865579831215,127.25754745476571,18.413843865601233,649.3641624236194,45.396677616580924,Recycled,31.31632018297771
Aluminium,Extrusion,88.47883888451064,144.2876712082347,39.405797439784465,640.5332942801958,8.5692535878962,Recycled,84.95342154879013
Plastic,Casting,143.5488148157123,41.737962501180476,28.157099192468813,347.19812491547873,17.14734611612967,Recycled,8.898971485634666
Plastic,Injection Molding,61.93949174321887,41.84765109478036,1.2562510636027242,80.99476995917449,77.72694129900678,Incinerated,99.16960733724518
Steel,Rolling,131.6459457904088,16.967571117373165,38.2885472413766,415.5326059462797,5.001105301759783,Landfill,54.10028989276625
Aluminium,Extrusion,312.3687024363615,149.9163828624717,2.7302563920717144,318.10532011275967,44.57375370581776,Recycled,98.4845743967094
Plastic,Extrusion,239.64104776662407,136.12286024814296,37.54095535383038,680.3494333376592,54.6384672031309,Incinerated,93.89964220859775
Plastic,Rolling,451.7022699846387,100.17986639246463,10.921547448096634,609.7214569581635,10.190269900092368,Recycled,45.28137142109168
Copper,Rolling,417.8496027822984,170.39238530414747,47.94560052584963,370.9477909155646,97.44242548237162,Recycled,19.84910746053491
Plastic,Extrusion,203.81780826404417,163.0773290605101,19.02909681380214,225.7136287124402,26.481906468718833,Landfill,16.488477656513844
Plastic,Extrusion,166.7405450440816,121.2173292353829,17.019649200565876,988.155606494036,33.89887836544668,Recycled,23.99893638699575
Copper,Rolling,220.8615836752701,174.97154329751913,8.295514466289788,459.4616049841537,33.8745386642276,Incinerated,71.01326405645374
Steel,Extrusion,315.6327241316635,49.109829906985965,15.974606559020529,691.3914934224347,26.88958290114824,Incinerated,27.294999473148785
Plastic,Casting,170.6286383702943,31.264727685568296,43.95588732958183,149.14743790257717,5.140013098199584,Landfill,34.142526960429834
Copper,Casting,330.86700853211033,61.25242618822803,49.82038254373512,490.73380266280384,74.28775543835965,Recycled,44.877880399461475
Aluminium,Rolling,234.23524348605818,20.84650265696982,19.047166994835568,37.26135267077083,96.8503224809321,Incinerated,91.32326804214563
Steel,Injection Molding,298.4212313833911,110.92221032019609,22.981920916772587,510.40056673134546,26.30788091207928,Recycled,18.939341788484608
Aluminium,Rolling,246.25693811089252,187.95508153604268,36.381475971934115,964.3772330465254,67.98948322132513,Recycled,0.5026552609803114
Aluminium,Rolling,182.50959179386294,17.475272727016833,44.42359324278865,390.36464585594223,75.48015106107793,Recycled,6.0096410378170155
Copper,Injection Molding,476.8039881329705,33.200883661905095,30.059172375152425,48.60605244916247,85.60041101359985,Landfill,90.4766341680118
Plastic,Injection Molding,393.62260737189234,95.9178153738527,20.184759210713636,40.6462330101501,45.14977371629287,Recycled,64.7516464843363
Copper,Injection Molding,113.05092909490364,187.43625333030192,21.218470201582562,394.1068923474008,33.77843603584078,Incinerated,27.304061932780677
Copper,Casting,440.8105891540608,70.0696599455826,35.08528917834354,168.42468709856212,35.903037732187954,Recycled,17.719250101119112
Copper,Extrusion,269.34403921228113,106.37461365079456,1.1576949166096555,33.11857536490405,72.69902664435872,Incinerated,29.426673663711433
Copper,Casting,452.54850210234116,17.8988432195745,31.359877535532192,758.651477810675,82.59404931803543,Recycled,11.479692725128011
Steel,Extrusion,409.93486517629185,38.185208182796885,18.419157511626512,463.9377787930718,22.25332693687725,Incinerated,94.1532910284441
Plastic,Casting,241.34607701115505,197.4597233621809,39.91566923257713,296.352324252928,40.23939577498769,Incinerated,78.42061743652668
Aluminium,Extrusion,60.111188744052825,193.37255232284866,5.556541351333475,901.0823511863159,90.68431869116925,Recycled,46.23911769125407
Aluminium,Casting,170.90481172322575,10.938596377537827,29.821911080471136,124.97757059852036,81.63588437100023,Recycled,86.49626051152019
Plastic,Injection Molding,293.73539659739015,190.8442392304154,24.567671604420063,956.359640665766,98.56154826243521,Incinerated,24.945820429323227
Aluminium,Rolling,335.0651989217663,131.43278818494508,32.473950769356144,320.8270502035793,76.65358466979767,Landfill,71.71205684721936
Plastic,Casting,166.04945844494102,174.9044759588042,4.1778261296654495,889.5196355855944,42.353544097652616,Recycled,85.61324990137435
Aluminium,Extrusion,112.71023333277085,96.40057257043323,29.41920558397843,606.913447714667,61.11059422949059,Landfill,35.67687116232726
Copper,Injection Molding,425.7186065596846,107.96324543005754,28.512744810016663,828.4402861440726,67.79635415349543,Recycled,75.74644454507177
Aluminium,Casting,492.98098131659845,102.88085024881484,28.472344626392374,984.1730315783597,12.453302550126775,Recycled,29.507234926430936
Plastic,Casting,286.56058203620864,136.70420893375984,30.570895663226285,295.5213834405583,56.72721111486718,Recycled,29.88571352590308
Plastic,Injection Molding,127.25567863173657,36.53373840369945,34.146928924091746,961.524130553517,72.3854787048979,Recycled,10.705717855418605
Plastic,Casting,172.53829693371603,15.694982075808811,40.44446098435772,395.58707595339615,20.895523880100736,Landfill,44.00580465093987
Plastic,Rolling,58.27580444636003,68.50668890232627,14.221215286282503,391.6567856895531,79.16001315542793,Recycled,72.97119064974223
Plastic,Casting,461.4344629522246,143.88934491996287,41.42742109882304,346.9832332119606,60.4584141488406,Incinerated,94.02208055712849
Steel,Rolling,102.9879873005635,48.35215590336019,25.41452843090923,545.9935312741094,95.4610696412715,Incinerated,60.379699192909605
Steel,Rolling,309.43241398141413,137.95216233173429,4.775855677582227,162.60359274670222,9.030118329654712,Landfill,86.3135537735739
Aluminium,Injection Molding,173.3248493092427,194.2832887603814,3.8689955329549806,558.1743705044311,30.205983067769363,Recycled,82.24946492902271
Plastic,Casting,299.38010113210703,27.841135999989493,17.37767761610698,546.287764285904,62.14761853348329,Incinerated,17.334305297528086
Aluminium,Injection Molding,343.1391747583389,137.79440246277397,39.45995187846191,764.2827944788213,33.173191659563415,Landfill,48.58174289126315
Plastic,Casting,423.38381166824075,94.31254166786852,35.67636580230487,835.3134623182098,72.87029558676801,Recycled,11.692353552539148
Plastic,Casting,142.88957229227145,174.94702833172602,39.642133268947916,446.0369368092998,77.10550183958344,Incinerated,68.2153161561635
Steel,Extrusion,54.948122896316214,43.65845999500332,26.34618376563886,309.3099168579788,14.739016586315072,Incinerated,94.98996682460759
Steel,Casting,111.59853353096327,141.59893092297125,22.569750899819038,266.7415483439235,53.816174099642936,Landfill,13.70894580787565
Copper,Injection Molding,455.00838883164727,169.24190503314094,8.225173808607913,202.6775983378232,53.34460278115031,Recycled,73.38831308025414
Steel,Rolling,443.25053490313184,189.4767017000644,17.081444926856268,67.07110637703462,40.0816731704764,Recycled,63.2238150867861
Copper,Casting,318.8358959766387,139.8171253750327,22.26694894251989,349.0234990463662,93.62786194411885,Incinerated,58.36050370080997
Copper,Extrusion,320.232587195144,104.4632051616012,5.341421054301245,277.54521520947543,83.61310038795601,Incinerated,39.012023468833924
Copper,Injection Molding,349.26650354581494,127.39097563823063,11.809985682849351,966.7532120077433,71.2348912814155,Incinerated,35.513164775381256
Copper,Casting,128.91707538055232,175.09194705095646,30.313039409123203,562.1317379875435,72.86103039482477,Recycled,4.524918901888785
Copper,Injection Molding,461.4853756662319,118.41585186137765,37.0474925977203,353.80426864020245,48.863033662246316,Landfill,21.790870825201345
Aluminium,Extrusion,238.4467362014329,15.773541342399003,49.91902805825453,584.662924983759,92.4944795041747,Landfill,1.5176882286826898
Steel,Extrusion,222.41233771227385,186.88025214632577,46.722553235834326,147.80473433223855,70.98656558906211,Recycled,58.14171055820205
Copper,Injection Molding,283.5129673772769,141.01008269599663,32.48569477722438,449.6033117101809,74.25320085730256,Landfill,10.585323587790885
Plastic,Casting,71.13468504877477,138.53754329767685,21.64115461140953,629.9719782068532,86.8606358597978,Incinerated,87.30193940297161
Steel,Rolling,124.82751594023573,50.97827895556626,32.172690870703406,494.00885347452686,31.036800987508144,Landfill,52.314302069716526
Steel,Extrusion,382.1151273918667,135.18823934420487,39.496929285931365,407.761012647781,81.67173586733678,Landfill,69.96899090587084
Copper,Casting,87.25940056630691,84.83423707429012,6.798473355245979,993.9099050107012,23.547857280866744,Landfill,41.08570918404965
Aluminium,Casting,321.4184492598747,133.73426563788348,21.085339595118125,881.5116145274377,37.80748546326434,Incinerated,56.057980900104866
Copper,Rolling,160.40709935659441,30.252675758518237,42.15031199614524,627.1718985778457,36.882993155635056,Recycled,94.26591769666305
Aluminium,Extrusion,225.18302631888943,134.99060787457685,19.807814644719155,573.68358757046,97.95991949696835,Incinerated,8.273403962367077
Plastic,Extrusion,179.91218154681494,199.88860789642663,29.02174129013214,624.4538750263382,86.37103625605305,Recycled,25.393777192369615
Steel,Casting,210.0527224092271,19.160287383505647,29.800698682247713,209.29898674420892,71.61113685107468,Recycled,77.99883269105443
Plastic,Casting,373.57065733291046,195.66309500205028,10.039336403548328,401.1863658316754,74.07039235346207,Recycled,9.873720688266586
Aluminium,Rolling,183.70477203042876,87.31251253734541,18.74953664096213,49.06493756199033,58.39691546824425,Landfill,7.566110390411085
Aluminium,Rolling,304.8820881336037,175.44315556407923,17.391053148354676,480.7905771119584,94.97361337530931,Landfill,36.15413987540386
Plastic,Extrusion,264.22268098959483,158.65324197107196,2.283638718071175,547.5943381180865,52.14458152382435,Recycled,9.216795847243231
Aluminium,Injection Molding,348.65202441319167,117.73308958746688,2.185396430676407,235.4722387421775,41.14918243763998,Recycled,58.507844220620306
Plastic,Extrusion,471.5733826961411,150.30534975775203,41.7531551401129,964.3885586938586,20.488357008501147,Landfill,22.627525081659982
Steel,Casting,379.65744374461264,176.9179566472561,14.380469688667809,910.3600648278696,79.68953696480051,Incinerated,89.56979631993724
Plastic,Extrusion,146.72317036584053,86.78666111369627,26.385859545701955,724.9218031013468,74.77217354718118,Recycled,78.35000808452567
Steel,Injection Molding,64.03241077757811,72.13630069701534,15.637553105849879,538.0527624777089,41.51372865979281,Incinerated,69.97052060994761
Plastic,Rolling,168.01881993492128,136.8427432570811,47.09328301065168,871.2694680512082,7.393374326126789,Landfill,61.694402738450194
Aluminium,Injection Molding,317.7850688151147,163.49072896883914,13.705541184422913,139.34582038522828,84.70474613321102,Recycled,86.34657303414633
Plastic,Injection Molding,73.14161606791265,154.834175607557,22.053183824207817,792.6046963321361,6.084708428136995,Incinerated,22.30620615427569
Aluminium,Injection Molding,273.3648112405564,161.58459328314055,43.76378227374549,133.5726058271798,71.85147906475984,Incinerated,87.31088427642277
Plastic,Rolling,318.5792820126001,92.76082981445727,42.254744772798624,796.2685559239113,97.17442542397542,Incinerated,78.94922984240523
Plastic,Injection Molding,200.40975086763237,165.3885010732541,10.118969474467589,283.0098925688434,46.57782617407933,Landfill,74.81608263876855
Copper,Injection Molding,396.9104916856199,32.839720520415604,40.32952217998981,878.3196752080071,27.322473474615514,Landfill,56.1255678074924
Aluminium,Injection Molding,97.96921391019731,113.45292861256141,23.45115745015674,944.6016728871439,71.96274595412126,Incinerated,24.62441609706001
Copper,Casting,83.81200178111393,11.094145494643099,24.665474732182407,157.30800971106447,82.62717349148059,Incinerated,42.35479159918963
Aluminium,Injection Molding,377.6849402916215,71.67130768105136,7.540518648381245,468.0488490147396,56.91088002739549,Landfill,79.35706545388015
Copper,Rolling,272.9710922927893,79.6276916255656,4.949474174099108,981.1775043810583,96.86835114933389,Incinerated,3.1778484357324444
Steel,Injection Molding,359.7810783924812,85.27281140575852,36.669026041714496,488.57336161341516,9.908528557506305,Incinerated,78.20507692637582
Plastic,Injection Molding,245.67230237168582,142.1387692710738,25.326596465409686,864.9120472893997,52.95558183893017,Landfill,24.00707404875665
Aluminium,Rolling,160.88091495759807,83.82603924136569,22.405684428143797,592.8442069100066,73.25312499564225,Incinerated,14.430920072160303
Aluminium,Injection Molding,418.5960429533899,95.25178829828083,36.74590320396744,381.5766088404058,86.950844759172,Incinerated,11.570131818030216
Plastic,Rolling,409.73714553604066,55.13338486612222,38.51013205056438,292.9257199706115,22.029283131240053,Incinerated,2.725001195081511
Aluminium,Injection Molding,362.61341188449205,80.91784040957461,8.786500215798323,211.1908601752264,81.00033076754974,Landfill,52.35864852214529
Aluminium,Rolling,172.4653117534832,53.18122917999878,30.901032324404422,764.1802094639203,57.5071721932618,Incinerated,21.82598726937295
Copper,Injection Molding,315.60380009108917,23.907225516004292,7.632350031606591,392.6751017547976,42.67259978904651,Landfill,98.94317657796316
Aluminium,Injection Molding,212.43825362301206,124.6552327424618,37.81737921542324,516.1627075787437,17.512927715013888,Landfill,57.443675587220575
Steel,Casting,91.21193299698537,136.96043172545308,33.19080265708983,497.4022252011701,87.20309709634668,Recycled,13.788526935601041
Steel,Casting,462.79110895800926,127.70316574182675,47.87411643308944,581.5062389407999,19.94095477707296,Recycled,68.87625408113654
Plastic,Injection Molding,111.56838391353263,98.06386832210875,4.378942801464638,866.9213741683067,34.429846624864425,Incinerated,89.77435665097254
Aluminium,Injection Molding,477.6068092193611,82.15929823405367,3.7956813364114614,980.9319501475951,32.554325536431506,Landfill,74.51794953696144
Plastic,Extrusion,250.70259783108008,174.0333934186468,14.827166659966807,413.50836648807876,87.78433324813116,Recycled,7.6439861039447665
